{
  "config": {
    "N": 50000,
    "D": 384,
    "NQ": 200,
    "K": 10,
    "dataset": "News Category + SBERT all-MiniLM-L6-v2"
  },
  "flatip_baseline_ms": 2.558513879776001,
  "results": {
    "HNSW(ef=32)": {
      "R@10": 0.9935,
      "lat_ms": 0.0960397720336914,
      "qps": 10412.352911970607,
      "build_s": 2.637
    },
    "HNSW(ef=64)": {
      "R@10": 0.9964999999999999,
      "lat_ms": 0.16206860542297363,
      "qps": 6170.2264753260315,
      "build_s": 2.637
    },
    "HNSW(ef=128)": {
      "R@10": 0.9969999999999999,
      "lat_ms": 0.29990553855895996,
      "qps": 3334.3832354846786,
      "build_s": 2.637
    },
    "IVF(np=5)": {
      "R@10": 0.797,
      "lat_ms": 0.08960247039794922,
      "qps": 11160.406577616945,
      "build_s": 1.771
    },
    "IVF(np=10)": {
      "R@10": 0.8734999999999999,
      "lat_ms": 0.12511610984802246,
      "qps": 7992.575865847268,
      "build_s": 1.771
    },
    "IVF(np=20)": {
      "R@10": 0.9275,
      "lat_ms": 0.23493170738220215,
      "qps": 4256.5561334517315,
      "build_s": 1.771
    },
    "PQ(m=8)": {
      "R@10": 0.277,
      "lat_ms": 0.1131296157836914,
      "qps": 8839.418335089567,
      "build_s": 6.052
    },
    "PQ(m=16)": {
      "R@10": 0.414,
      "lat_ms": 0.18900036811828613,
      "qps": 5290.994985650762,
      "build_s": 7.743
    },
    "MadhavaCore [32,64]": {
      "R@10": 0.4575,
      "lat_ms": 2.8507399559020996,
      "qps": 350.78611710255274,
      "build_s": 0.114,
      "bound_violations": {
        "32D": 0,
        "64D": 0
      },
      "bound_guarantee": "PASS",
      "qjl_active": true
    },
    "MadhavaCore [64,128]": {
      "R@10": 0.489,
      "lat_ms": "~4ms (est.)",
      "qps": "~250",
      "build_s": 0.125,
      "bound_guarantee": "PASS"
    }
  }
}