{
  "data": {
    "N": 50000,
    "D": 128,
    "NQ": 200,
    "K": 10
  },
  "results": {
    "HNSW(ef32)": {
      "R@10": 0.985,
      "lat_ms": 0.06786346435546875,
      "build_s": 1.23
    },
    "HNSW(ef64)": {
      "R@10": 0.9905000000000002,
      "lat_ms": 0.07667779922485352,
      "build_s": 1.23
    },
    "HNSW(ef128)": {
      "R@10": 0.9930000000000001,
      "lat_ms": 0.13703227043151855,
      "build_s": 1.23
    },
    "IVF(np=5)": {
      "R@10": 0.8545,
      "lat_ms": 0.016412734985351562,
      "build_s": "<1m"
    },
    "IVF(np=10)": {
      "R@10": 0.927,
      "lat_ms": 0.030341148376464844,
      "build_s": "<1m"
    },
    "IVF(np=20)": {
      "R@10": 0.9534999999999999,
      "lat_ms": 0.05645751953125,
      "build_s": "<1m"
    },
    "MadhavaCore [32,64]": {
      "R@10": 0.7325,
      "lat_ms": 0.9983360767364502,
      "build_s": 0.058
    },
    "MadhavaCore [64,128]": {
      "R@10": 0.9935,
      "lat_ms": "~4ms",
      "build_s": 0.093
    },
    "MadHybrid(np=5)": {
      "R@10": 0.4825,
      "lat_ms": 0.8057820796966553,
      "build_s": 2.37
    },
    "MadHybrid(np=10)": {
      "R@10": 0.49449999999999994,
      "lat_ms": 0.812000036239624,
      "build_s": 2.37
    },
    "MadHybrid(np=15)": {
      "R@10": 0.502,
      "lat_ms": 1.2249398231506348,
      "build_s": 2.37
    }
  },
  "bound_violations": {
    "32D": 0,
    "64D": 0
  }
}